id,video_id,url1_views,url2_views,total_views,tier,created_at
0099b188-4118-4a0b-83b3-020039cf7436,4db972d6-5abf-42eb-8f1b-187308b0d036,12842,62539,75381,,2025-11-23 14:31:07.128423+00
048b3b3c-b19b-434e-9e84-826ffa2887cf,9e550c32-9135-45bb-ad3c-bd24b7173b32,65754,195473,261227,,2025-11-23 14:31:14.664593+00
0a12c863-67c9-4273-8859-da5a0e96b4d8,18e927c3-6dfc-4c60-894d-cb0d0813b740,65256,307292,422548,,2025-11-23 14:31:14.329876+00
0dd6c1ae-c823-4210-a92a-33a78dcdc75a,62c16ab3-181c-4a38-8cd0-7229ceba441e,37678,383234,470912,,2025-11-23 14:31:00.107677+00
0f3bf751-7a13-4bd8-a06f-fe49e9779c46,82b7dcca-6af6-40a6-aa26-aedf675622ae,2123,36432,38555,,2025-11-23 14:31:07.834259+00
14d00e31-5af1-4347-a0ba-f4c91ed7bee4,2641cc47-3720-4371-ab52-7195d81d28e2,35040,177762,262802,,2025-11-23 14:31:23.656927+00
19c8fd96-84cc-436b-80cd-9cfa2564931b,775e8d97-866c-476a-bd0d-1b2678d4be35,27284,286853,314137,,2025-11-23 14:31:24.27712+00
1c0e3eab-51a3-40c2-b8df-6d416358ef93,38248271-1e10-4f04-b01f-55d5a9ca752f,169835,894732,1064567,silver,2025-11-23 14:27:25.648494+00
1d5f0faa-7968-4dc9-9d88-752faf7c6940,1fc19555-e2bf-47d9-a06c-e296b6c2a670,102574,1049873,1152447,silver,2025-11-23 14:31:01.877298+00
230cfb53-2ea8-4851-8b91-37e4bf5bcdc2,60577114-6e11-4bbd-b485-4f333a524e20,7179,31230,38409,,2025-11-23 14:31:18.218367+00
2881e9b2-ff57-47ac-b0a4-ce6819b4b0b8,d9763e70-ff19-4fff-b048-2549c4c28e86,21249,163095,234344,,2025-11-23 14:31:03.228093+00
2c365b03-74e7-475e-9ee4-2c39b3d70710,60cb0a2b-1631-47ab-a258-f8d53a74e4a3,16022,97533,163555,,2025-11-23 14:31:19.739004+00
2dfb639f-69dc-4bbe-a109-e34d86035ddd,1fc19555-e2bf-47d9-a06c-e296b6c2a670,102571,1049873,1152444,silver,2025-11-23 14:27:16.589837+00
2eb1064e-a6a0-4f3c-9654-e4f1a074bcaf,3db7b7e6-d7a0-42ff-a496-42c4bfc84166,5104,38694,43798,,2025-11-23 14:31:08.610281+00
2fd672da-fd31-4b43-a045-c78228a08210,bb6608eb-4292-432a-b137-e561072ffbc0,9910,115333,125243,,2025-11-23 14:31:16.591977+00
30771668-6b6f-49ce-b062-9fd7ea66a6b9,36f7759b-b3fa-43ee-9310-4f7bc117cd99,43090,587134,680224,,2025-11-23 14:31:01.158779+00
3241509e-4794-423f-9913-5a1a952f94f7,3182c96f-b213-4e47-a7d1-e48e98f71f32,18417,133698,202115,,2025-11-23 14:31:21.495117+00
34ec811a-8779-4e1d-9343-d5704c2c4ee8,83a9e754-5fd3-4f82-85bd-a426f5a8a7b7,4791,38007,42798,,2025-11-23 14:31:09.233+00
363b79bb-f769-4e59-a3a4-d6b8c76da607,8d4c83b3-8bde-4aee-b770-14b2284ab72e,33600,172877,256477,,2025-11-23 14:31:23.961919+00
377b8908-a9c7-4eb5-938f-f49b13a476c4,bd27d2bb-113c-4865-a898-2971b7d74c4e,9925,54744,64669,,2025-11-23 14:31:17.446319+00
3da25891-d36c-4015-a6e1-de915495681f,e9237ff5-3c2b-4a95-9884-4318f7e27246,245611,770627,1016238,silver,2025-11-23 14:27:25.331599+00
42230390-49b2-44ab-ba43-b0f4945baba8,38248271-1e10-4f04-b01f-55d5a9ca752f,169841,894880,1064721,silver,2025-11-23 14:31:11.016086+00
424e93a3-09d8-4ddb-87e6-454f26b5f77a,10df9585-8437-4816-b0d1-70a756ad531b,88332,248681,337013,,2025-11-23 14:31:16.179909+00
431b9fdd-3783-4919-9232-4159f2c02020,f3630251-e8f7-4897-a50b-20f063840bf4,67958,386657,454615,,2025-11-23 14:31:03.931959+00
478fd3dc-2531-41ae-bf74-7ed12bebe0b6,85292ecf-a4fd-419e-b9cc-fc5243226cc7,52631,116632,169263,,2025-11-23 14:31:13.305024+00
47f4233b-b54e-4742-929c-ff70aee5b702,f0ab1fdb-e4b8-4a7f-a480-f628990eae65,39936,268794,308730,,2025-11-23 14:31:06.812828+00
4b39708e-78ff-4601-a318-1b7a6c1022f8,6bac0378-381e-4545-9754-8a0e85c775f4,41913,181273,273186,,2025-11-23 14:31:04.629397+00
4e65ce45-64a5-4b7b-adbb-92132fd4e9fd,7cc54c34-fba5-47b4-b3e2-e57982479b96,40447,156690,197137,,2025-11-23 14:30:59.097854+00
5215602c-33fb-484b-bc36-aca0ebd9a099,bed7aa61-e505-4770-8bcd-bf3e820210ea,21843,125338,147181,,2025-11-23 14:31:15.042492+00
579f2e1b-2728-4a67-bd90-9feb1e914ac2,ec798d2e-9e67-4896-a0b4-3bb9e3169b8d,10306,71312,81618,,2025-11-23 14:31:12.365194+00
5a60dfc6-02a8-42c5-a6dd-c95181f2baf4,04582e88-bb7e-4022-be78-b2874689dd59,7980,105413,113393,,2025-11-23 14:31:03.614248+00
5bacb3f2-ed67-48c8-8f35-bafd7bb07874,9e47b583-e272-4efc-b180-9b31a5a9879a,26415,76574,102989,,2025-11-23 14:31:06.467959+00
5bd7a83f-091e-47f6-9938-8d043ce0c987,1854a07a-032f-4dbf-bfea-5f7f3cf58ecc,17563,174989,242552,,2025-11-23 14:31:02.891218+00
5e927c33-c577-45ce-b1ce-02d6ea301f39,21307f2d-23b0-47b3-ae81-a9a96aacf01a,33336,108730,142066,,2025-11-23 14:31:20.851574+00
62bc8253-6523-47ad-9cc5-454703106058,0f62dbff-1b24-4ae7-a5bf-0303defdc466,48732,121808,170540,,2025-11-23 14:31:22.891801+00
6bf8b32c-a58c-4a75-a87c-ec4f4fb2d9bf,a906de80-4bde-4377-b52b-0f1e1a364029,26610,81506,108116,,2025-11-23 14:31:13.933179+00
6ce5e2e9-deca-4097-8d98-542288f1e5b5,c1ae66f8-bd74-44e8-a97b-e465b62156dc,21451,48484,69935,,2025-11-23 14:31:12.014847+00
767067d4-7524-4f7e-bd5b-a2bd6d76f37e,8730f3b4-ee6f-47cd-819d-c4dee54c3939,434910,906020,1340930,silver,2025-11-23 14:31:10.305569+00
79c956c8-723c-4aeb-9362-f50526906c1b,58f9ece7-c846-416d-b0cc-48a2a8698670,20484,55991,76475,,2025-11-23 14:31:21.857106+00
7a4cbb6c-a1bf-4fa3-ab2e-588b9155c2f5,64650438-9439-4019-b19d-d90fd8d82ee9,5353,53882,59235,,2025-11-23 14:31:09.998453+00
8343c75c-4fe1-420c-a09c-9e887c0dfd5c,a680c74c-1f60-4e89-b6a8-baa8766cce16,5591,118281,123872,,2025-11-23 14:31:02.538371+00
89fa8f48-c7af-4334-aa84-f69e0f3c804f,7ecf4f60-30e3-49b9-9fc0-4952c22b681c,49656,175617,225273,,2025-11-23 14:30:59.752912+00
8f85020c-d746-456e-83de-f04674cb07aa,110f7596-a09d-4810-a3eb-9578734ebcb7,44550,695969,740519,,2025-11-23 14:31:06.119953+00
91de2c22-d513-44d5-b66f-055741cafae1,e6106f7a-6fed-4fcb-8791-f41b2ade2583,136200,526307,662507,,2025-11-23 14:31:16.980476+00
93a8f5c0-b2c9-424d-8640-b00dc6b4398a,c745f26f-123d-4ee1-bc25-2daefcda76b5,8525,145410,153935,,2025-11-23 14:31:04.284717+00
99447c81-f6a3-4387-b2db-927a58ee37b2,9027103a-8df1-4881-8c95-cdd023786ed5,268023,499489,767512,,2025-11-23 14:31:00.502805+00
9b064838-f21f-46b3-b0f0-47545c6414cb,c92d5f2e-d870-461b-87b6-5ef487fc8d07,16667,61558,78225,,2025-11-23 14:31:12.673634+00
9c2d6dde-114a-4d38-9ad5-8b8502e49ff2,bd7c2760-7a65-478f-8299-a16537c0d690,507259,2264839,2772098,silver,2025-11-23 14:27:26.319293+00
a003f5d7-5b4c-44e9-9aba-10483d5cc368,d6fe2d41-dcaa-4fdb-a1a7-4bc3cfcceff9,39797,152828,192625,,2025-11-23 14:30:58.424349+00
a19a6489-aa4e-4381-a201-e9e429bf0c77,75c710a9-d96d-49b4-a15b-fa8c424498d4,80372,934993,1065365,silver,2025-11-23 14:27:19.837618+00
a2b67fad-ed14-4593-bb26-d036625846a7,8730f3b4-ee6f-47cd-819d-c4dee54c3939,434876,905935,1340811,silver,2025-11-23 14:27:25.00161+00
a5b08cd9-383a-4a88-a9fc-f9dcd586a13d,abf0287f-0f5b-4597-9dee-6e24e85cbe56,18488,87240,105728,,2025-11-23 14:31:18.627356+00
a7534f80-50f6-4b29-a8aa-dbb9cd3c4f51,67a8b925-777c-4cdf-a03f-c0ce26a5abfd,135173,0,135173,,2025-11-23 14:31:24.502104+00
a8a3eae0-dc44-4c98-8784-a9ddd2fbfd35,a48ae28a-30b7-4cc5-9130-dc87bb3f7072,148844,1104344,1253188,silver,2025-11-23 14:30:58.078516+00
a9d6ffdc-87c2-4610-9775-0cc71e60b7fd,cbebbc07-31eb-416a-89f9-2875f4709a9e,257060,1224128,1531188,silver,2025-11-23 14:31:11.331836+00
ab30dc33-f041-4605-b056-6052c820ebab,a48ae28a-30b7-4cc5-9130-dc87bb3f7072,148833,1104161,1252994,silver,2025-11-23 14:27:12.370805+00
b6f3df7e-43fc-46fc-9b24-7746daf3567b,3eeba625-1325-4be3-8923-35197a0ed1da,3655,48852,52507,,2025-11-23 14:31:08.256531+00
ba1bddfb-174d-42a2-9c5e-ae80adda14ae,e9237ff5-3c2b-4a95-9884-4318f7e27246,245636,770627,1016263,silver,2025-11-23 14:31:10.654205+00
bb0945b6-c412-4619-8c91-329a81c58c1a,e878661b-0953-4e95-b205-b310c33dca71,47182,147957,245139,,2025-11-23 14:30:58.759172+00
bf41cecc-0c34-41b7-bf01-37df6559585e,cbebbc07-31eb-416a-89f9-2875f4709a9e,257031,1224128,1531159,silver,2025-11-23 14:27:26.02141+00
c5cd65cf-800c-4001-aaf1-870b45080ee8,a9e6b197-ffe2-4446-a24d-3da9420e301a,41634,325205,416839,,2025-11-23 14:31:07.451556+00
c6270fd8-f785-427c-8bf0-d78c61251f4b,e2046a1f-db57-424b-8e9a-e84e2e88e09d,21110,63562,84672,,2025-11-23 14:31:13.612527+00
c678d926-bfef-4e36-b7fe-870ab1dc715a,75c710a9-d96d-49b4-a15b-fa8c424498d4,80375,934993,1065368,silver,2025-11-23 14:31:05.029043+00
c6c3f242-6a55-4126-99ea-10a563a7ff7c,3aa93637-cd7c-4067-88bc-1572b649c621,153271,731171,884442,,2025-11-23 14:31:00.834391+00
c8f49db3-2e29-4844-ac7b-f7fabc1cdf03,6f4a3454-4093-40ed-9250-e5ef1019df2d,53458,331618,435076,,2025-11-23 14:31:01.500621+00
ca310145-c8b2-4fe2-9ace-3d74b31a9978,e4fb8b5f-3815-4299-bf14-16f82aedadb2,14516,84438,98954,,2025-11-23 14:31:23.346276+00
cdc88934-0e07-4817-b276-dab77ba86412,3cbfc098-7d52-48f9-98be-10e6e4f26bab,30457,210261,240718,,2025-11-23 14:31:05.731504+00
ce2b2a3c-060f-4485-9d9e-eafdb7ab5f42,33a42d4e-f871-46d2-b168-c87ff7487af4,16433,51597,68030,,2025-11-23 14:31:05.37926+00
ce58b4e1-0413-4437-8eba-c1c9ee0846bb,5f18cffb-fd6d-46fe-8604-1bb2c1939fb5,4893,30330,35223,,2025-11-23 14:31:09.675062+00
d5c44329-c1f9-4b17-aa2a-9d0e8660530e,23da6121-f16d-4340-bee4-fc95791d884b,16429,114565,130994,,2025-11-23 14:31:20.101388+00
d781f768-e9dc-49de-9901-5219bd6e1c79,41e38a73-ba83-41d0-aed2-77942c9d160a,38474,232114,270588,,2025-11-23 14:30:59.423271+00
df3fb26a-8605-4e15-9ba5-bbf21259c036,4c177d59-99d8-4d90-9260-6f7cf80e3b17,18682,104238,122920,,2025-11-23 14:31:19.342046+00
e2a3d2f9-dd8e-4459-ab16-3972230ec42a,349197cb-4b72-443a-86d4-1b1b5f7703e5,2849,65726,68575,,2025-11-23 14:31:20.479816+00
ea15f628-c79c-469c-a941-cfb4a4e349a5,82345bb7-6c8c-4369-9edb-9fccabf891b9,33407,243774,327181,,2025-11-23 14:31:15.719859+00
ebfa0d8a-77ef-400b-8cab-7a65b4de950d,5c50b0a2-217f-4cab-bcf8-66b06bf3bbb6,3163,58094,61257,,2025-11-23 14:31:18.986156+00
edddb3c2-ae39-4329-8578-a0fa9a600add,2a237505-5695-42c5-b869-a551097c524b,21309,72614,93923,,2025-11-23 14:31:12.981394+00
ee2d9ac5-33a1-439f-b411-e03ee137cb3c,bd7c2760-7a65-478f-8299-a16537c0d690,507289,2264839,2772128,silver,2025-11-23 14:31:11.69513+00
eea658c9-592f-47c2-93c9-98008270f120,96ade704-71b1-4f39-8e9b-7c1caa930856,22088,73247,95335,,2025-11-23 14:31:22.593265+00
f258c57f-b318-437a-a4d7-663d06f8503e,d042d44a-0517-4c96-a772-0e6566bd0936,14014,97505,111519,,2025-11-23 14:31:17.8112+00
f3314ee3-42ae-498c-8677-7e7dcb18f4da,e774bdf3-daee-4a2e-84d4-9c6d1f14d4ef,11452,117740,129192,,2025-11-23 14:31:02.220971+00
f43703b7-c2b2-4c6b-ba8e-696bfafa6cd1,1f889964-3a52-4be8-92fa-6d43be2da42b,9668,36758,46426,,2025-11-23 14:31:21.163613+00
f9e11a41-c095-4af7-b669-18ed3d66ea8d,3678fe7e-ca2b-4907-a17e-a07d4cdf22c8,10036,106263,116299,,2025-11-23 14:31:22.215231+00
fa34011d-7f64-4b12-bf46-fdab5ad87455,c975c79d-6434-4893-8b41-1ec235d5b3da,22179,130619,202798,,2025-11-23 14:31:15.390768+00
fea2f824-f28a-49f5-83fd-a9507cd7fc62,80aa3e80-988d-4917-b0d1-89c6f71a100f,6261,52113,58374,,2025-11-23 14:31:08.918445+00